"variable","eta_B_waba","eta_W_waba","E_waba","eta_B_int","eta_W_int","E_int","delta_eta_B","E_ratio","class_waba","class_iwaba","V_C","V_R","V_W","delta_E","ICC1","branch","scale_definition","radius_definition","analysis_family","target_label","pair_label","var1","var2","r_between_waba","r_within","r_between_int","weighted_between_waba","weighted_within_waba","weighted_between_int","weighted_within_int","delta_A","dominance_waba","dominance_iwaba","flipped","consistency_rate_waba","consistency_rate_iwaba","n_pairs","n_dominance_flips","pi_R","E_C_int","E_R_int","E_R_het_int","V_R_het","r_R_billard","r_R_billard_defined","r_R_het","r_R_het_defined","statistic","df1","df2","p_value","center","p_adj","reject","estimate","ci_lower","ci_upper","ci_defined","boot_defined_rate","reject_null","notes","stat_name","n_finite","n","K","p","G","radius_prop","mean_eta_B_waba","mean_eta_B_int","mean_delta_eta_B","reclassified","mean_pi_R","mean_E_R_het_int","mean_r_R_billard","mean_r_R_het_signed","T_het","level3_consistency_waba","level3_consistency_iwaba","level2_dominance_flips"
"COHES",0.237778600133842,0.971319379667878,0.24479960465233,0.531280497927966,0.847195982356746,0.627104600342933,0.293501897794124,2.56170593589627,"Within","Within",0.0426604468873002,0.237291795041484,0.711875385124453,-0.431923143195668,0.0565386626816086,"original_scale_sd_radius","Original scale","Population within-company SD","entity","COHES",NA,NA,NA,NA,NA,NA,NA,NA,NA,NA,NA,NA,NA,NA,NA,NA,NA,NA,NA,NA,NA,NA,NA,NA,NA,NA,NA,NA,NA,NA,NA,NA,NA,NA,NA,NA,NA,NA,NA,NA,NA,NA,NA,NA,NA,NA,NA,NA,NA,NA,NA,NA,NA,NA,NA,NA,NA,NA,NA,NA
"LEAD",0.370845445230168,0.928694597675704,0.399319050803465,0.574554592666759,0.818466260786316,0.701989342987423,0.203709147436591,1.75796607142824,"Within","Within",0.0819392494736291,0.171289470463636,0.513868411390907,-0.260639691453642,0.137526344247958,"original_scale_sd_radius","Original scale","Population within-company SD","entity","LEAD",NA,NA,NA,NA,NA,NA,NA,NA,NA,NA,NA,NA,NA,NA,NA,NA,NA,NA,NA,NA,NA,NA,NA,NA,NA,NA,NA,NA,NA,NA,NA,NA,NA,NA,NA,NA,NA,NA,NA,NA,NA,NA,NA,NA,NA,NA,NA,NA,NA,NA,NA,NA,NA,NA,NA,NA,NA,NA,NA,NA
"WBEING",0.235928726420388,0.971770361788038,0.242782385322273,0.530803095832096,0.847495176065954,0.626319902251322,0.294874369411708,2.5797584178932,"Within","Within",0.04592012975021,0.259685382233555,0.779056146700666,-0.473450634716901,0.0556623639503465,"original_scale_sd_radius","Original scale","Population within-company SD","entity","WBEING",NA,NA,NA,NA,NA,NA,NA,NA,NA,NA,NA,NA,NA,NA,NA,NA,NA,NA,NA,NA,NA,NA,NA,NA,NA,NA,NA,NA,NA,NA,NA,NA,NA,NA,NA,NA,NA,NA,NA,NA,NA,NA,NA,NA,NA,NA,NA,NA,NA,NA,NA,NA,NA,NA,NA,NA,NA,NA,NA,NA
"HRS",0.378788067883903,0.925483441034349,0.409286704752446,0.577676749219998,0.81626562674819,0.707706817842282,0.198888681336094,1.72912242109192,"Within","Within",0.740927335875544,1.47434488946741,4.42303466840222,-2.20776244305927,0.143480400371225,"original_scale_sd_radius","Original scale","Population within-company SD","entity","HRS",NA,NA,NA,NA,NA,NA,NA,NA,NA,NA,NA,NA,NA,NA,NA,NA,NA,NA,NA,NA,NA,NA,NA,NA,NA,NA,NA,NA,NA,NA,NA,NA,NA,NA,NA,NA,NA,NA,NA,NA,NA,NA,NA,NA,NA,NA,NA,NA,NA,NA,NA,NA,NA,NA,NA,NA,NA,NA,NA,NA
NA,NA,NA,NA,NA,NA,NA,NA,NA,NA,NA,NA,NA,NA,NA,NA,"original_scale_sd_radius","Original scale","Population within-company SD","pairwise","COHES--LEAD","COHES--LEAD","COHES","LEAD",0.653259918381386,0.405271452128045,0.897297739746161,0.0576038787456049,0.365578785360285,0.27389982107401,0.281015763038279,-0.00394874709161173,"Within","Within",FALSE,NA,NA,NA,NA,NA,NA,NA,NA,NA,NA,NA,NA,NA,NA,NA,NA,NA,NA,NA,NA,NA,NA,NA,NA,NA,NA,NA,NA,NA,NA,NA,NA,NA,NA,NA,NA,NA,NA,NA,NA,NA,NA,NA,NA,NA,NA
NA,NA,NA,NA,NA,NA,NA,NA,NA,NA,NA,NA,NA,NA,NA,NA,"original_scale_sd_radius","Original scale","Population within-company SD","pairwise","COHES--WBEING","COHES--WBEING","COHES","WBEING",0.271475033883808,0.238488643611727,0.884060871433602,0.015229424255125,0.225109284032587,0.249309880489864,0.171233536388394,0.0328344925257949,"Within","Between",TRUE,NA,NA,NA,NA,NA,NA,NA,NA,NA,NA,NA,NA,NA,NA,NA,NA,NA,NA,NA,NA,NA,NA,NA,NA,NA,NA,NA,NA,NA,NA,NA,NA,NA,NA,NA,NA,NA,NA,NA,NA,NA,NA,NA,NA,NA,NA
NA,NA,NA,NA,NA,NA,NA,NA,NA,NA,NA,NA,NA,NA,NA,NA,"original_scale_sd_radius","Original scale","Population within-company SD","pairwise","COHES--HRS","COHES--HRS","COHES","HRS",-0.0275926070740169,-0.111481274645456,0.729224408279776,-0.00248520256038201,-0.100214977234731,0.223805089799015,-0.0770934217113961,0.0441453225487742,"Within","Between",TRUE,NA,NA,NA,NA,NA,NA,NA,NA,NA,NA,NA,NA,NA,NA,NA,NA,NA,NA,NA,NA,NA,NA,NA,NA,NA,NA,NA,NA,NA,NA,NA,NA,NA,NA,NA,NA,NA,NA,NA,NA,NA,NA,NA,NA,NA,NA
NA,NA,NA,NA,NA,NA,NA,NA,NA,NA,NA,NA,NA,NA,NA,NA,"original_scale_sd_radius","Original scale","Population within-company SD","pairwise","LEAD--WBEING","LEAD--WBEING","LEAD","WBEING",0.532317759922493,0.420113909371022,0.870416821727617,0.0465741275895587,0.379143512461305,0.265455680520478,0.291410420074681,-0.0144533146075117,"Within","Within",FALSE,NA,NA,NA,NA,NA,NA,NA,NA,NA,NA,NA,NA,NA,NA,NA,NA,NA,NA,NA,NA,NA,NA,NA,NA,NA,NA,NA,NA,NA,NA,NA,NA,NA,NA,NA,NA,NA,NA,NA,NA,NA,NA,NA,NA,NA,NA
NA,NA,NA,NA,NA,NA,NA,NA,NA,NA,NA,NA,NA,NA,NA,NA,"original_scale_sd_radius","Original scale","Population within-company SD","pairwise","LEAD--HRS","LEAD--HRS","LEAD","HRS",-0.299579288678393,-0.107624529167174,0.557941245252374,-0.0420824508155703,-0.0925023649893364,0.18518450967037,-0.0719024277759525,0.0291233435017795,"Within","Between",TRUE,NA,NA,NA,NA,NA,NA,NA,NA,NA,NA,NA,NA,NA,NA,NA,NA,NA,NA,NA,NA,NA,NA,NA,NA,NA,NA,NA,NA,NA,NA,NA,NA,NA,NA,NA,NA,NA,NA,NA,NA,NA,NA,NA,NA,NA,NA
NA,NA,NA,NA,NA,NA,NA,NA,NA,NA,NA,NA,NA,NA,NA,NA,"original_scale_sd_radius","Original scale","Population within-company SD","pairwise","WBEING--HRS","WBEING--HRS","WBEING","HRS",-0.712172853974945,-0.110703088581513,0.578078937809277,-0.063644741783466,-0.0995616395189053,0.177257851680681,-0.0765823133656373,0.0255554952620176,"Within","Between",TRUE,NA,NA,NA,NA,NA,NA,NA,NA,NA,NA,NA,NA,NA,NA,NA,NA,NA,NA,NA,NA,NA,NA,NA,NA,NA,NA,NA,NA,NA,NA,NA,NA,NA,NA,NA,NA,NA,NA,NA,NA,NA,NA,NA,NA,NA,NA
NA,NA,NA,NA,NA,NA,NA,NA,NA,NA,NA,NA,NA,NA,NA,NA,"original_scale_sd_radius","Original scale","Population within-company SD","level3","global",NA,NA,NA,NA,NA,NA,NA,NA,NA,NA,NA,NA,NA,NA,1,0.333333333333333,6,4,NA,NA,NA,NA,NA,NA,NA,NA,NA,NA,NA,NA,NA,NA,NA,NA,NA,NA,NA,NA,NA,NA,NA,NA,NA,NA,NA,NA,NA,NA,NA,NA,NA,NA,NA,NA,NA,NA,NA,NA,NA,NA
"COHES",NA,NA,NA,NA,NA,NA,NA,NA,NA,NA,NA,NA,NA,NA,NA,"original_scale_sd_radius","Original scale","Population within-company SD","level4","COHES",NA,NA,NA,NA,NA,NA,NA,NA,NA,NA,NA,NA,NA,NA,NA,NA,NA,NA,0.847615269685347,0.24479960465233,0.577350269189626,0.0528053832133061,0.00198499937219079,NA,NA,NA,NA,NA,NA,NA,NA,NA,NA,NA,NA,NA,NA,NA,NA,NA,NA,NA,NA,NA,NA,NA,NA,NA,NA,NA,NA,NA,NA,NA,NA,NA,NA,NA,NA,NA
"LEAD",NA,NA,NA,NA,NA,NA,NA,NA,NA,NA,NA,NA,NA,NA,NA,"original_scale_sd_radius","Original scale","Population within-company SD","level4","LEAD",NA,NA,NA,NA,NA,NA,NA,NA,NA,NA,NA,NA,NA,NA,NA,NA,NA,NA,0.676421973408352,0.399319050803465,0.577350269189626,0.0530277981502764,0.00144497093136242,NA,NA,NA,NA,NA,NA,NA,NA,NA,NA,NA,NA,NA,NA,NA,NA,NA,NA,NA,NA,NA,NA,NA,NA,NA,NA,NA,NA,NA,NA,NA,NA,NA,NA,NA,NA,NA
"WBEING",NA,NA,NA,NA,NA,NA,NA,NA,NA,NA,NA,NA,NA,NA,NA,"original_scale_sd_radius","Original scale","Population within-company SD","level4","WBEING",NA,NA,NA,NA,NA,NA,NA,NA,NA,NA,NA,NA,NA,NA,NA,NA,NA,NA,0.849740505489805,0.242782385322273,0.577350269189626,0.0559363930986104,0.00243757325306816,NA,NA,NA,NA,NA,NA,NA,NA,NA,NA,NA,NA,NA,NA,NA,NA,NA,NA,NA,NA,NA,NA,NA,NA,NA,NA,NA,NA,NA,NA,NA,NA,NA,NA,NA,NA,NA
"HRS",NA,NA,NA,NA,NA,NA,NA,NA,NA,NA,NA,NA,NA,NA,NA,"original_scale_sd_radius","Original scale","Population within-company SD","level4","HRS",NA,NA,NA,NA,NA,NA,NA,NA,NA,NA,NA,NA,NA,NA,NA,NA,NA,NA,0.665536665246259,0.409286704752446,0.577350269189626,0.119551642274607,0.0632166439408053,NA,NA,NA,NA,NA,NA,NA,NA,NA,NA,NA,NA,NA,NA,NA,NA,NA,NA,NA,NA,NA,NA,NA,NA,NA,NA,NA,NA,NA,NA,NA,NA,NA,NA,NA,NA,NA
NA,NA,NA,NA,NA,NA,NA,NA,NA,NA,NA,NA,NA,NA,NA,NA,"original_scale_sd_radius","Original scale","Population within-company SD","level5","COHES--LEAD","COHES--LEAD","COHES","LEAD",NA,NA,NA,NA,NA,NA,NA,NA,NA,NA,NA,NA,NA,NA,NA,NA,NA,NA,NA,NA,0.993452606070581,TRUE,0.220599895170689,TRUE,NA,NA,NA,NA,NA,NA,NA,NA,NA,NA,NA,NA,NA,NA,NA,NA,NA,NA,NA,NA,NA,NA,NA,NA,NA,NA,NA,NA,NA,NA,NA,NA,NA
NA,NA,NA,NA,NA,NA,NA,NA,NA,NA,NA,NA,NA,NA,NA,NA,"original_scale_sd_radius","Original scale","Population within-company SD","level5","COHES--WBEING","COHES--WBEING","COHES","WBEING",NA,NA,NA,NA,NA,NA,NA,NA,NA,NA,NA,NA,NA,NA,NA,NA,NA,NA,NA,NA,0.993288951941057,TRUE,0.24432464315222,TRUE,NA,NA,NA,NA,NA,NA,NA,NA,NA,NA,NA,NA,NA,NA,NA,NA,NA,NA,NA,NA,NA,NA,NA,NA,NA,NA,NA,NA,NA,NA,NA,NA,NA
NA,NA,NA,NA,NA,NA,NA,NA,NA,NA,NA,NA,NA,NA,NA,NA,"original_scale_sd_radius","Original scale","Population within-company SD","level5","COHES--HRS","COHES--HRS","COHES","HRS",NA,NA,NA,NA,NA,NA,NA,NA,NA,NA,NA,NA,NA,NA,NA,NA,NA,NA,NA,NA,0.979196720045458,TRUE,0.262477723985489,TRUE,NA,NA,NA,NA,NA,NA,NA,NA,NA,NA,NA,NA,NA,NA,NA,NA,NA,NA,NA,NA,NA,NA,NA,NA,NA,NA,NA,NA,NA,NA,NA,NA,NA
NA,NA,NA,NA,NA,NA,NA,NA,NA,NA,NA,NA,NA,NA,NA,NA,"original_scale_sd_radius","Original scale","Population within-company SD","level5","LEAD--WBEING","LEAD--WBEING","LEAD","WBEING",NA,NA,NA,NA,NA,NA,NA,NA,NA,NA,NA,NA,NA,NA,NA,NA,NA,NA,NA,NA,0.993267383893042,TRUE,0.244841999012785,TRUE,NA,NA,NA,NA,NA,NA,NA,NA,NA,NA,NA,NA,NA,NA,NA,NA,NA,NA,NA,NA,NA,NA,NA,NA,NA,NA,NA,NA,NA,NA,NA,NA,NA
NA,NA,NA,NA,NA,NA,NA,NA,NA,NA,NA,NA,NA,NA,NA,NA,"original_scale_sd_radius","Original scale","Population within-company SD","level5","LEAD--HRS","LEAD--HRS","LEAD","HRS",NA,NA,NA,NA,NA,NA,NA,NA,NA,NA,NA,NA,NA,NA,NA,NA,NA,NA,NA,NA,0.978446160160006,TRUE,0.223736408535547,TRUE,NA,NA,NA,NA,NA,NA,NA,NA,NA,NA,NA,NA,NA,NA,NA,NA,NA,NA,NA,NA,NA,NA,NA,NA,NA,NA,NA,NA,NA,NA,NA,NA,NA
NA,NA,NA,NA,NA,NA,NA,NA,NA,NA,NA,NA,NA,NA,NA,NA,"original_scale_sd_radius","Original scale","Population within-company SD","level5","WBEING--HRS","WBEING--HRS","WBEING","HRS",NA,NA,NA,NA,NA,NA,NA,NA,NA,NA,NA,NA,NA,NA,NA,NA,NA,NA,NA,NA,0.981002694731706,TRUE,0.362822116208504,TRUE,NA,NA,NA,NA,NA,NA,NA,NA,NA,NA,NA,NA,NA,NA,NA,NA,NA,NA,NA,NA,NA,NA,NA,NA,NA,NA,NA,NA,NA,NA,NA,NA,NA
"COHES",NA,NA,NA,NA,NA,NA,NA,NA,NA,NA,NA,NA,NA,NA,NA,"original_scale_sd_radius","Original scale","Population within-company SD","brown_forsythe","COHES",NA,NA,NA,NA,NA,NA,NA,NA,NA,NA,NA,NA,NA,NA,NA,NA,NA,NA,NA,NA,NA,NA,NA,NA,NA,NA,NA,1.32975363770677,98,7283,0.0168812475067122,"median",0.0225083300089495,TRUE,1.32975363770677,NA,NA,NA,NA,TRUE,"H0: equal within-group variances",NA,NA,NA,NA,NA,NA,NA,NA,NA,NA,NA,NA,NA,NA,NA,NA,NA,NA,NA
"LEAD",NA,NA,NA,NA,NA,NA,NA,NA,NA,NA,NA,NA,NA,NA,NA,"original_scale_sd_radius","Original scale","Population within-company SD","brown_forsythe","LEAD",NA,NA,NA,NA,NA,NA,NA,NA,NA,NA,NA,NA,NA,NA,NA,NA,NA,NA,NA,NA,NA,NA,NA,NA,NA,NA,NA,1.20298556362134,98,7283,0.0852554746499852,"median",0.0852554746499852,FALSE,1.20298556362134,NA,NA,NA,NA,FALSE,"H0: equal within-group variances",NA,NA,NA,NA,NA,NA,NA,NA,NA,NA,NA,NA,NA,NA,NA,NA,NA,NA,NA
"WBEING",NA,NA,NA,NA,NA,NA,NA,NA,NA,NA,NA,NA,NA,NA,NA,"original_scale_sd_radius","Original scale","Population within-company SD","brown_forsythe","WBEING",NA,NA,NA,NA,NA,NA,NA,NA,NA,NA,NA,NA,NA,NA,NA,NA,NA,NA,NA,NA,NA,NA,NA,NA,NA,NA,NA,1.39023778152079,98,7283,0.00684821694697924,"median",0.0136964338939585,TRUE,1.39023778152079,NA,NA,NA,NA,TRUE,"H0: equal within-group variances",NA,NA,NA,NA,NA,NA,NA,NA,NA,NA,NA,NA,NA,NA,NA,NA,NA,NA,NA
"HRS",NA,NA,NA,NA,NA,NA,NA,NA,NA,NA,NA,NA,NA,NA,NA,"original_scale_sd_radius","Original scale","Population within-company SD","brown_forsythe","HRS",NA,NA,NA,NA,NA,NA,NA,NA,NA,NA,NA,NA,NA,NA,NA,NA,NA,NA,NA,NA,NA,NA,NA,NA,NA,NA,NA,2.27792616516581,98,7283,1.58361102009508e-11,"median",6.33444408038031e-11,TRUE,2.27792616516581,NA,NA,NA,NA,TRUE,"H0: equal within-group variances",NA,NA,NA,NA,NA,NA,NA,NA,NA,NA,NA,NA,NA,NA,NA,NA,NA,NA,NA
NA,NA,NA,NA,NA,NA,NA,NA,NA,NA,NA,NA,NA,NA,NA,NA,"original_scale_sd_radius","Original scale","Population within-company SD","delta_E","COHES",NA,NA,NA,NA,NA,NA,NA,NA,NA,NA,NA,NA,NA,NA,NA,NA,NA,NA,NA,NA,NA,NA,NA,NA,NA,NA,NA,NA,NA,NA,NA,NA,NA,NA,-0.431923143195668,-0.433680509337664,-0.396596950975726,TRUE,1,TRUE,"Bootstrap CI for entity-level dominance contrast","delta_E::COHES",399,NA,NA,NA,NA,NA,NA,NA,NA,NA,NA,NA,NA,NA,NA,NA,NA,NA
NA,NA,NA,NA,NA,NA,NA,NA,NA,NA,NA,NA,NA,NA,NA,NA,"original_scale_sd_radius","Original scale","Population within-company SD","delta_E","LEAD",NA,NA,NA,NA,NA,NA,NA,NA,NA,NA,NA,NA,NA,NA,NA,NA,NA,NA,NA,NA,NA,NA,NA,NA,NA,NA,NA,NA,NA,NA,NA,NA,NA,NA,-0.260639691453642,-0.262904399219296,-0.234165340587485,TRUE,1,TRUE,"Bootstrap CI for entity-level dominance contrast","delta_E::LEAD",399,NA,NA,NA,NA,NA,NA,NA,NA,NA,NA,NA,NA,NA,NA,NA,NA,NA
NA,NA,NA,NA,NA,NA,NA,NA,NA,NA,NA,NA,NA,NA,NA,NA,"original_scale_sd_radius","Original scale","Population within-company SD","delta_E","WBEING",NA,NA,NA,NA,NA,NA,NA,NA,NA,NA,NA,NA,NA,NA,NA,NA,NA,NA,NA,NA,NA,NA,NA,NA,NA,NA,NA,NA,NA,NA,NA,NA,NA,NA,-0.473450634716901,-0.474313203012856,-0.440353785612955,TRUE,1,TRUE,"Bootstrap CI for entity-level dominance contrast","delta_E::WBEING",399,NA,NA,NA,NA,NA,NA,NA,NA,NA,NA,NA,NA,NA,NA,NA,NA,NA
NA,NA,NA,NA,NA,NA,NA,NA,NA,NA,NA,NA,NA,NA,NA,NA,"original_scale_sd_radius","Original scale","Population within-company SD","delta_E","HRS",NA,NA,NA,NA,NA,NA,NA,NA,NA,NA,NA,NA,NA,NA,NA,NA,NA,NA,NA,NA,NA,NA,NA,NA,NA,NA,NA,NA,NA,NA,NA,NA,NA,NA,-2.20776244305927,-2.27972293523029,-1.93233344628259,TRUE,1,TRUE,"Bootstrap CI for entity-level dominance contrast","delta_E::HRS",399,NA,NA,NA,NA,NA,NA,NA,NA,NA,NA,NA,NA,NA,NA,NA,NA,NA
NA,NA,NA,NA,NA,NA,NA,NA,NA,NA,NA,NA,NA,NA,NA,NA,"original_scale_sd_radius","Original scale","Population within-company SD","pi_R","COHES",NA,NA,NA,NA,NA,NA,NA,NA,NA,NA,NA,NA,NA,NA,NA,NA,NA,NA,NA,NA,NA,NA,NA,NA,NA,NA,NA,NA,NA,NA,NA,NA,NA,NA,0.847615269685347,0.793722764712747,0.842542401569289,TRUE,1,TRUE,"Bootstrap CI for radius share","pi_R::COHES",399,NA,NA,NA,NA,NA,NA,NA,NA,NA,NA,NA,NA,NA,NA,NA,NA,NA
NA,NA,NA,NA,NA,NA,NA,NA,NA,NA,NA,NA,NA,NA,NA,NA,"original_scale_sd_radius","Original scale","Population within-company SD","pi_R","LEAD",NA,NA,NA,NA,NA,NA,NA,NA,NA,NA,NA,NA,NA,NA,NA,NA,NA,NA,NA,NA,NA,NA,NA,NA,NA,NA,NA,NA,NA,NA,NA,NA,NA,NA,0.676421973408352,0.630289646452852,0.682076291073517,TRUE,1,TRUE,"Bootstrap CI for radius share","pi_R::LEAD",399,NA,NA,NA,NA,NA,NA,NA,NA,NA,NA,NA,NA,NA,NA,NA,NA,NA
NA,NA,NA,NA,NA,NA,NA,NA,NA,NA,NA,NA,NA,NA,NA,NA,"original_scale_sd_radius","Original scale","Population within-company SD","pi_R","WBEING",NA,NA,NA,NA,NA,NA,NA,NA,NA,NA,NA,NA,NA,NA,NA,NA,NA,NA,NA,NA,NA,NA,NA,NA,NA,NA,NA,NA,NA,NA,NA,NA,NA,NA,0.849740505489805,0.795955262817232,0.847297251329327,TRUE,1,TRUE,"Bootstrap CI for radius share","pi_R::WBEING",399,NA,NA,NA,NA,NA,NA,NA,NA,NA,NA,NA,NA,NA,NA,NA,NA,NA
NA,NA,NA,NA,NA,NA,NA,NA,NA,NA,NA,NA,NA,NA,NA,NA,"original_scale_sd_radius","Original scale","Population within-company SD","pi_R","HRS",NA,NA,NA,NA,NA,NA,NA,NA,NA,NA,NA,NA,NA,NA,NA,NA,NA,NA,NA,NA,NA,NA,NA,NA,NA,NA,NA,NA,NA,NA,NA,NA,NA,NA,0.665536665246259,0.617542052997905,0.670893582171277,TRUE,1,TRUE,"Bootstrap CI for radius share","pi_R::HRS",399,NA,NA,NA,NA,NA,NA,NA,NA,NA,NA,NA,NA,NA,NA,NA,NA,NA
NA,NA,NA,NA,NA,NA,NA,NA,NA,NA,NA,NA,NA,NA,NA,NA,"original_scale_sd_radius","Original scale","Population within-company SD","E_R_het","COHES",NA,NA,NA,NA,NA,NA,NA,NA,NA,NA,NA,NA,NA,NA,NA,NA,NA,NA,NA,NA,NA,NA,NA,NA,NA,NA,NA,NA,NA,NA,NA,NA,NA,NA,0.0528053832133061,0.0613550681498035,0.0761386754259633,TRUE,1,TRUE,"Bootstrap CI for heterogeneity-focused dispersion index","E_R_het::COHES",399,NA,NA,NA,NA,NA,NA,NA,NA,NA,NA,NA,NA,NA,NA,NA,NA,NA
NA,NA,NA,NA,NA,NA,NA,NA,NA,NA,NA,NA,NA,NA,NA,NA,"original_scale_sd_radius","Original scale","Population within-company SD","E_R_het","LEAD",NA,NA,NA,NA,NA,NA,NA,NA,NA,NA,NA,NA,NA,NA,NA,NA,NA,NA,NA,NA,NA,NA,NA,NA,NA,NA,NA,NA,NA,NA,NA,NA,NA,NA,0.0530277981502764,0.0614280857313223,0.0779770139429461,TRUE,1,TRUE,"Bootstrap CI for heterogeneity-focused dispersion index","E_R_het::LEAD",399,NA,NA,NA,NA,NA,NA,NA,NA,NA,NA,NA,NA,NA,NA,NA,NA,NA
NA,NA,NA,NA,NA,NA,NA,NA,NA,NA,NA,NA,NA,NA,NA,NA,"original_scale_sd_radius","Original scale","Population within-company SD","E_R_het","WBEING",NA,NA,NA,NA,NA,NA,NA,NA,NA,NA,NA,NA,NA,NA,NA,NA,NA,NA,NA,NA,NA,NA,NA,NA,NA,NA,NA,NA,NA,NA,NA,NA,NA,NA,0.0559363930986104,0.0642532477914679,0.0788807022203724,TRUE,1,TRUE,"Bootstrap CI for heterogeneity-focused dispersion index","E_R_het::WBEING",399,NA,NA,NA,NA,NA,NA,NA,NA,NA,NA,NA,NA,NA,NA,NA,NA,NA
NA,NA,NA,NA,NA,NA,NA,NA,NA,NA,NA,NA,NA,NA,NA,NA,"original_scale_sd_radius","Original scale","Population within-company SD","E_R_het","HRS",NA,NA,NA,NA,NA,NA,NA,NA,NA,NA,NA,NA,NA,NA,NA,NA,NA,NA,NA,NA,NA,NA,NA,NA,NA,NA,NA,NA,NA,NA,NA,NA,NA,NA,0.119551642274607,0.125509718481593,0.156937402584683,TRUE,1,TRUE,"Bootstrap CI for heterogeneity-focused dispersion index","E_R_het::HRS",399,NA,NA,NA,NA,NA,NA,NA,NA,NA,NA,NA,NA,NA,NA,NA,NA,NA
NA,NA,NA,NA,NA,NA,NA,NA,NA,NA,NA,NA,NA,NA,NA,NA,"original_scale_sd_radius","Original scale","Population within-company SD","delta_A","COHES--LEAD",NA,NA,NA,NA,NA,NA,NA,NA,NA,NA,NA,NA,NA,NA,NA,NA,NA,NA,NA,NA,NA,NA,NA,NA,NA,NA,NA,NA,NA,NA,NA,NA,NA,NA,-0.00394874709161173,-0.0122734873032745,0.00902754013504062,TRUE,1,FALSE,"Bootstrap CI for pairwise dominance contrast","delta_A::COHES--LEAD",399,NA,NA,NA,NA,NA,NA,NA,NA,NA,NA,NA,NA,NA,NA,NA,NA,NA
NA,NA,NA,NA,NA,NA,NA,NA,NA,NA,NA,NA,NA,NA,NA,NA,"original_scale_sd_radius","Original scale","Population within-company SD","delta_A","COHES--WBEING",NA,NA,NA,NA,NA,NA,NA,NA,NA,NA,NA,NA,NA,NA,NA,NA,NA,NA,NA,NA,NA,NA,NA,NA,NA,NA,NA,NA,NA,NA,NA,NA,NA,NA,0.0328344925257949,0.0257921566867731,0.0386448476022432,TRUE,1,TRUE,"Bootstrap CI for pairwise dominance contrast","delta_A::COHES--WBEING",399,NA,NA,NA,NA,NA,NA,NA,NA,NA,NA,NA,NA,NA,NA,NA,NA,NA
NA,NA,NA,NA,NA,NA,NA,NA,NA,NA,NA,NA,NA,NA,NA,NA,"original_scale_sd_radius","Original scale","Population within-company SD","delta_A","COHES--HRS",NA,NA,NA,NA,NA,NA,NA,NA,NA,NA,NA,NA,NA,NA,NA,NA,NA,NA,NA,NA,NA,NA,NA,NA,NA,NA,NA,NA,NA,NA,NA,NA,NA,NA,0.0441453225487742,0.037759636756662,0.0460511239933758,TRUE,1,TRUE,"Bootstrap CI for pairwise dominance contrast","delta_A::COHES--HRS",399,NA,NA,NA,NA,NA,NA,NA,NA,NA,NA,NA,NA,NA,NA,NA,NA,NA
NA,NA,NA,NA,NA,NA,NA,NA,NA,NA,NA,NA,NA,NA,NA,NA,"original_scale_sd_radius","Original scale","Population within-company SD","delta_A","LEAD--WBEING",NA,NA,NA,NA,NA,NA,NA,NA,NA,NA,NA,NA,NA,NA,NA,NA,NA,NA,NA,NA,NA,NA,NA,NA,NA,NA,NA,NA,NA,NA,NA,NA,NA,NA,-0.0144533146075117,-0.0212823985258459,-0.00213010326192171,TRUE,1,TRUE,"Bootstrap CI for pairwise dominance contrast","delta_A::LEAD--WBEING",399,NA,NA,NA,NA,NA,NA,NA,NA,NA,NA,NA,NA,NA,NA,NA,NA,NA
NA,NA,NA,NA,NA,NA,NA,NA,NA,NA,NA,NA,NA,NA,NA,NA,"original_scale_sd_radius","Original scale","Population within-company SD","delta_A","LEAD--HRS",NA,NA,NA,NA,NA,NA,NA,NA,NA,NA,NA,NA,NA,NA,NA,NA,NA,NA,NA,NA,NA,NA,NA,NA,NA,NA,NA,NA,NA,NA,NA,NA,NA,NA,0.0291233435017795,0.0232259171729006,0.031253342265985,TRUE,1,TRUE,"Bootstrap CI for pairwise dominance contrast","delta_A::LEAD--HRS",399,NA,NA,NA,NA,NA,NA,NA,NA,NA,NA,NA,NA,NA,NA,NA,NA,NA
NA,NA,NA,NA,NA,NA,NA,NA,NA,NA,NA,NA,NA,NA,NA,NA,"original_scale_sd_radius","Original scale","Population within-company SD","delta_A","WBEING--HRS",NA,NA,NA,NA,NA,NA,NA,NA,NA,NA,NA,NA,NA,NA,NA,NA,NA,NA,NA,NA,NA,NA,NA,NA,NA,NA,NA,NA,NA,NA,NA,NA,NA,NA,0.0255554952620176,0.0193952772378525,0.0275698955428497,TRUE,1,TRUE,"Bootstrap CI for pairwise dominance contrast","delta_A::WBEING--HRS",399,NA,NA,NA,NA,NA,NA,NA,NA,NA,NA,NA,NA,NA,NA,NA,NA,NA
NA,NA,NA,NA,NA,NA,NA,NA,NA,NA,NA,NA,NA,NA,NA,NA,"original_scale_sd_radius","Original scale","Population within-company SD","r_R_het","COHES--LEAD",NA,NA,NA,NA,NA,NA,NA,NA,NA,NA,NA,NA,NA,NA,NA,NA,NA,NA,NA,NA,NA,NA,NA,NA,NA,NA,NA,NA,NA,NA,NA,NA,NA,NA,0.220599895170689,0.102728344751528,0.395993859580942,TRUE,1,TRUE,"Bootstrap CI for signed heterogeneity-based radius correlation","r_R_het::COHES--LEAD",399,NA,NA,NA,NA,NA,NA,NA,NA,NA,NA,NA,NA,NA,NA,NA,NA,NA
NA,NA,NA,NA,NA,NA,NA,NA,NA,NA,NA,NA,NA,NA,NA,NA,"original_scale_sd_radius","Original scale","Population within-company SD","r_R_het","COHES--WBEING",NA,NA,NA,NA,NA,NA,NA,NA,NA,NA,NA,NA,NA,NA,NA,NA,NA,NA,NA,NA,NA,NA,NA,NA,NA,NA,NA,NA,NA,NA,NA,NA,NA,NA,0.24432464315222,0.0191873183151276,0.344288437323112,TRUE,1,TRUE,"Bootstrap CI for signed heterogeneity-based radius correlation","r_R_het::COHES--WBEING",399,NA,NA,NA,NA,NA,NA,NA,NA,NA,NA,NA,NA,NA,NA,NA,NA,NA
NA,NA,NA,NA,NA,NA,NA,NA,NA,NA,NA,NA,NA,NA,NA,NA,"original_scale_sd_radius","Original scale","Population within-company SD","r_R_het","COHES--HRS",NA,NA,NA,NA,NA,NA,NA,NA,NA,NA,NA,NA,NA,NA,NA,NA,NA,NA,NA,NA,NA,NA,NA,NA,NA,NA,NA,NA,NA,NA,NA,NA,NA,NA,0.262477723985489,0.0232115232055704,0.314738895182133,TRUE,1,TRUE,"Bootstrap CI for signed heterogeneity-based radius correlation","r_R_het::COHES--HRS",399,NA,NA,NA,NA,NA,NA,NA,NA,NA,NA,NA,NA,NA,NA,NA,NA,NA
NA,NA,NA,NA,NA,NA,NA,NA,NA,NA,NA,NA,NA,NA,NA,NA,"original_scale_sd_radius","Original scale","Population within-company SD","r_R_het","LEAD--WBEING",NA,NA,NA,NA,NA,NA,NA,NA,NA,NA,NA,NA,NA,NA,NA,NA,NA,NA,NA,NA,NA,NA,NA,NA,NA,NA,NA,NA,NA,NA,NA,NA,NA,NA,0.244841999012785,0.0961947032466764,0.39850641489483,TRUE,1,TRUE,"Bootstrap CI for signed heterogeneity-based radius correlation","r_R_het::LEAD--WBEING",399,NA,NA,NA,NA,NA,NA,NA,NA,NA,NA,NA,NA,NA,NA,NA,NA,NA
NA,NA,NA,NA,NA,NA,NA,NA,NA,NA,NA,NA,NA,NA,NA,NA,"original_scale_sd_radius","Original scale","Population within-company SD","r_R_het","LEAD--HRS",NA,NA,NA,NA,NA,NA,NA,NA,NA,NA,NA,NA,NA,NA,NA,NA,NA,NA,NA,NA,NA,NA,NA,NA,NA,NA,NA,NA,NA,NA,NA,NA,NA,NA,0.223736408535547,0.0106794706945071,0.301341154242629,TRUE,1,TRUE,"Bootstrap CI for signed heterogeneity-based radius correlation","r_R_het::LEAD--HRS",399,NA,NA,NA,NA,NA,NA,NA,NA,NA,NA,NA,NA,NA,NA,NA,NA,NA
NA,NA,NA,NA,NA,NA,NA,NA,NA,NA,NA,NA,NA,NA,NA,NA,"original_scale_sd_radius","Original scale","Population within-company SD","r_R_het","WBEING--HRS",NA,NA,NA,NA,NA,NA,NA,NA,NA,NA,NA,NA,NA,NA,NA,NA,NA,NA,NA,NA,NA,NA,NA,NA,NA,NA,NA,NA,NA,NA,NA,NA,NA,NA,0.362822116208504,0.106933372590751,0.398440642988346,TRUE,1,TRUE,"Bootstrap CI for signed heterogeneity-based radius correlation","r_R_het::WBEING--HRS",399,NA,NA,NA,NA,NA,NA,NA,NA,NA,NA,NA,NA,NA,NA,NA,NA,NA
NA,NA,NA,NA,NA,NA,NA,NA,NA,NA,NA,NA,NA,NA,NA,NA,"original_scale_sd_radius","Original scale","Population within-company SD","summary","original_scale_sd_radius",NA,NA,NA,NA,NA,NA,NA,NA,NA,NA,NA,NA,NA,NA,NA,NA,NA,NA,NA,NA,NA,NA,NA,NA,NA,NA,NA,NA,NA,NA,NA,NA,NA,NA,NA,NA,NA,NA,NA,NA,NA,NA,NA,7382,99,4,3.35077975615814,0.701562002646644,0.305835209917075,0.553578733911705,0.247743523994629,0,0.759828603457441,0.0703303041842,0.986442419473642,0.259800464344205,0.0690841874974267,1,0.333333333333333,4
